id,name,location,created,last_updated,description,trial
701,Global Templates,NA,2019-04-06 00:47:34,2019-04-06 00:47:34,Global Templates,701
700,FDA_Update,FDA_Update,2019-04-06 00:39:48,2019-04-06 00:39:48,Description of FDA_Update,700
699,SafetyUpdate,SafetyUpdate,2019-04-06 00:39:48,2019-04-06 00:39:48,Description of SafetyUpdate,699
698,Final,Final,2019-04-06 00:39:48,2019-04-06 00:39:48,Description of Final,698
697,Interim,Interim,2019-04-06 00:39:48,2019-04-06 00:39:48,Description of Interim,697
696,DMC2018,DMC2018,2019-04-06 00:39:48,2019-04-06 00:39:48,Description of DMC2018,696
695,asco_manuscript,asco_manuscript,2019-04-06 00:39:48,2019-04-06 00:39:48,Description of asco_manuscript,695
694,FDA_Update,FDA_Update,2019-04-06 00:39:48,2019-04-06 00:39:48,Description of FDA_Update,694
693,SafetyUpdate,SafetyUpdate,2019-04-06 00:39:48,2019-04-06 00:39:48,Description of SafetyUpdate,693
692,Final,Final,2019-04-06 00:39:48,2019-04-06 00:39:48,Description of Final,692
691,Interim,Interim,2019-04-06 00:39:48,2019-04-06 00:39:48,Description of Interim,691
690,DMC2018,DMC2018,2019-04-06 00:39:48,2019-04-06 00:39:48,Description of DMC2018,690
689,asco_manuscript,asco_manuscript,2019-04-06 00:39:48,2019-04-06 00:39:48,Description of asco_manuscript,689
688,FDA_Update,FDA_Update,2019-04-06 00:39:48,2019-04-06 00:39:48,Description of FDA_Update,688
687,SafetyUpdate,SafetyUpdate,2019-04-06 00:39:48,2019-04-06 00:39:48,Description of SafetyUpdate,687
686,Final,Final,2019-04-06 00:39:48,2019-04-06 00:39:48,Description of Final,686
685,Interim,Interim,2019-04-06 00:39:48,2019-04-06 00:39:48,Description of Interim,685
684,DMC2018,DMC2018,2019-04-06 00:39:48,2019-04-06 00:39:48,Description of DMC2018,684
683,asco_manuscript,asco_manuscript,2019-04-06 00:39:48,2019-04-06 00:39:48,Description of asco_manuscript,683
682,FDA_Update,FDA_Update,2019-04-06 00:39:48,2019-04-06 00:39:48,Description of FDA_Update,682
681,SafetyUpdate,SafetyUpdate,2019-04-06 00:39:48,2019-04-06 00:39:48,Description of SafetyUpdate,681
680,Final,Final,2019-04-06 00:39:48,2019-04-06 00:39:48,Description of Final,680
679,Interim,Interim,2019-04-06 00:39:48,2019-04-06 00:39:48,Description of Interim,679
678,DMC2018,DMC2018,2019-04-06 00:39:48,2019-04-06 00:39:48,Description of DMC2018,678
677,asco_manuscript,asco_manuscript,2019-04-06 00:39:48,2019-04-06 00:39:48,Description of asco_manuscript,677
676,FDA_Update,FDA_Update,2019-04-06 00:39:48,2019-04-06 00:39:48,Description of FDA_Update,676
675,SafetyUpdate,SafetyUpdate,2019-04-06 00:39:48,2019-04-06 00:39:48,Description of SafetyUpdate,675
674,Final,Final,2019-04-06 00:39:48,2019-04-06 00:39:48,Description of Final,674
673,Interim,Interim,2019-04-06 00:39:48,2019-04-06 00:39:48,Description of Interim,673
672,DMC2018,DMC2018,2019-04-06 00:39:48,2019-04-06 00:39:48,Description of DMC2018,672
671,asco_manuscript,asco_manuscript,2019-04-06 00:39:48,2019-04-06 00:39:48,Description of asco_manuscript,671
670,FDA_Update,FDA_Update,2019-04-06 00:39:48,2019-04-06 00:39:48,Description of FDA_Update,670
669,SafetyUpdate,SafetyUpdate,2019-04-06 00:39:48,2019-04-06 00:39:48,Description of SafetyUpdate,669
668,Final,Final,2019-04-06 00:39:48,2019-04-06 00:39:48,Description of Final,668
667,Interim,Interim,2019-04-06 00:39:48,2019-04-06 00:39:48,Description of Interim,667
666,DMC2018,DMC2018,2019-04-06 00:39:48,2019-04-06 00:39:48,Description of DMC2018,666
665,asco_manuscript,asco_manuscript,2019-04-06 00:39:48,2019-04-06 00:39:48,Description of asco_manuscript,665
664,FDA_Update,FDA_Update,2019-04-06 00:39:48,2019-04-06 00:39:48,Description of FDA_Update,664
663,SafetyUpdate,SafetyUpdate,2019-04-06 00:39:48,2019-04-06 00:39:48,Description of SafetyUpdate,663
662,Final,Final,2019-04-06 00:39:48,2019-04-06 00:39:48,Description of Final,662
661,Interim,Interim,2019-04-06 00:39:48,2019-04-06 00:39:48,Description of Interim,661
660,DMC2018,DMC2018,2019-04-06 00:39:48,2019-04-06 00:39:48,Description of DMC2018,660
659,asco_manuscript,asco_manuscript,2019-04-06 00:39:48,2019-04-06 00:39:48,Description of asco_manuscript,659
658,FDA_Update,FDA_Update,2019-04-06 00:39:48,2019-04-06 00:39:48,Description of FDA_Update,658
657,SafetyUpdate,SafetyUpdate,2019-04-06 00:39:48,2019-04-06 00:39:48,Description of SafetyUpdate,657
656,Final,Final,2019-04-06 00:39:48,2019-04-06 00:39:48,Description of Final,656
655,Interim,Interim,2019-04-06 00:39:48,2019-04-06 00:39:48,Description of Interim,655
654,DMC2018,DMC2018,2019-04-06 00:39:48,2019-04-06 00:39:48,Description of DMC2018,654
653,asco_manuscript,asco_manuscript,2019-04-06 00:39:48,2019-04-06 00:39:48,Description of asco_manuscript,653
652,FDA_Update,FDA_Update,2019-04-06 00:39:48,2019-04-06 00:39:48,Description of FDA_Update,652
651,SafetyUpdate,SafetyUpdate,2019-04-06 00:39:48,2019-04-06 00:39:48,Description of SafetyUpdate,651
650,Final,Final,2019-04-06 00:39:48,2019-04-06 00:39:48,Description of Final,650
649,Interim,Interim,2019-04-06 00:39:48,2019-04-06 00:39:48,Description of Interim,649
648,DMC2018,DMC2018,2019-04-06 00:39:48,2019-04-06 00:39:48,Description of DMC2018,648
647,asco_manuscript,asco_manuscript,2019-04-06 00:39:48,2019-04-06 00:39:48,Description of asco_manuscript,647
646,FDA_Update,FDA_Update,2019-04-06 00:39:48,2019-04-06 00:39:48,Description of FDA_Update,646
645,SafetyUpdate,SafetyUpdate,2019-04-06 00:39:48,2019-04-06 00:39:48,Description of SafetyUpdate,645
644,Final,Final,2019-04-06 00:39:48,2019-04-06 00:39:48,Description of Final,644
643,Interim,Interim,2019-04-06 00:39:48,2019-04-06 00:39:48,Description of Interim,643
642,DMC2018,DMC2018,2019-04-06 00:39:48,2019-04-06 00:39:48,Description of DMC2018,642
641,asco_manuscript,asco_manuscript,2019-04-06 00:39:48,2019-04-06 00:39:48,Description of asco_manuscript,641
640,FDA_Update,FDA_Update,2019-04-06 00:39:48,2019-04-06 00:39:48,Description of FDA_Update,640
639,SafetyUpdate,SafetyUpdate,2019-04-06 00:39:48,2019-04-06 00:39:48,Description of SafetyUpdate,639
638,Final,Final,2019-04-06 00:39:48,2019-04-06 00:39:48,Description of Final,638
637,Interim,Interim,2019-04-06 00:39:48,2019-04-06 00:39:48,Description of Interim,637
636,DMC2018,DMC2018,2019-04-06 00:39:48,2019-04-06 00:39:48,Description of DMC2018,636
635,asco_manuscript,asco_manuscript,2019-04-06 00:39:48,2019-04-06 00:39:48,Description of asco_manuscript,635
634,FDA_Update,FDA_Update,2019-04-06 00:39:48,2019-04-06 00:39:48,Description of FDA_Update,634
633,SafetyUpdate,SafetyUpdate,2019-04-06 00:39:48,2019-04-06 00:39:48,Description of SafetyUpdate,633
632,Final,Final,2019-04-06 00:39:48,2019-04-06 00:39:48,Description of Final,632
631,Interim,Interim,2019-04-06 00:39:48,2019-04-06 00:39:48,Description of Interim,631
630,DMC2018,DMC2018,2019-04-06 00:39:48,2019-04-06 00:39:48,Description of DMC2018,630
629,asco_manuscript,asco_manuscript,2019-04-06 00:39:48,2019-04-06 00:39:48,Description of asco_manuscript,629
628,FDA_Update,FDA_Update,2019-04-06 00:39:48,2019-04-06 00:39:48,Description of FDA_Update,628
627,SafetyUpdate,SafetyUpdate,2019-04-06 00:39:48,2019-04-06 00:39:48,Description of SafetyUpdate,627
626,Final,Final,2019-04-06 00:39:48,2019-04-06 00:39:48,Description of Final,626
625,Interim,Interim,2019-04-06 00:39:48,2019-04-06 00:39:48,Description of Interim,625
624,DMC2018,DMC2018,2019-04-06 00:39:48,2019-04-06 00:39:48,Description of DMC2018,624
623,asco_manuscript,asco_manuscript,2019-04-06 00:39:48,2019-04-06 00:39:48,Description of asco_manuscript,623
622,FDA_Update,FDA_Update,2019-04-06 00:39:48,2019-04-06 00:39:48,Description of FDA_Update,622
621,SafetyUpdate,SafetyUpdate,2019-04-06 00:39:48,2019-04-06 00:39:48,Description of SafetyUpdate,621
620,Final,Final,2019-04-06 00:39:47,2019-04-06 00:39:47,Description of Final,620
619,Interim,Interim,2019-04-06 00:39:47,2019-04-06 00:39:47,Description of Interim,619
618,DMC2018,DMC2018,2019-04-06 00:39:47,2019-04-06 00:39:47,Description of DMC2018,618
617,asco_manuscript,asco_manuscript,2019-04-06 00:39:47,2019-04-06 00:39:47,Description of asco_manuscript,617
616,FDA_Update,FDA_Update,2019-04-06 00:39:47,2019-04-06 00:39:47,Description of FDA_Update,616
615,SafetyUpdate,SafetyUpdate,2019-04-06 00:39:47,2019-04-06 00:39:47,Description of SafetyUpdate,615
614,Final,Final,2019-04-06 00:39:47,2019-04-06 00:39:47,Description of Final,614
613,Interim,Interim,2019-04-06 00:39:47,2019-04-06 00:39:47,Description of Interim,613
612,DMC2018,DMC2018,2019-04-06 00:39:47,2019-04-06 00:39:47,Description of DMC2018,612
611,asco_manuscript,asco_manuscript,2019-04-06 00:39:47,2019-04-06 00:39:47,Description of asco_manuscript,611
610,FDA_Update,FDA_Update,2019-04-06 00:39:47,2019-04-06 00:39:47,Description of FDA_Update,610
609,SafetyUpdate,SafetyUpdate,2019-04-06 00:39:47,2019-04-06 00:39:47,Description of SafetyUpdate,609
608,Final,Final,2019-04-06 00:39:47,2019-04-06 00:39:47,Description of Final,608
607,Interim,Interim,2019-04-06 00:39:47,2019-04-06 00:39:47,Description of Interim,607
606,DMC2018,DMC2018,2019-04-06 00:39:47,2019-04-06 00:39:47,Description of DMC2018,606
605,asco_manuscript,asco_manuscript,2019-04-06 00:39:47,2019-04-06 00:39:47,Description of asco_manuscript,605
604,FDA_Update,FDA_Update,2019-04-06 00:39:47,2019-04-06 00:39:47,Description of FDA_Update,604
603,SafetyUpdate,SafetyUpdate,2019-04-06 00:39:47,2019-04-06 00:39:47,Description of SafetyUpdate,603
602,Final,Final,2019-04-06 00:39:47,2019-04-06 00:39:47,Description of Final,602
601,Interim,Interim,2019-04-06 00:39:47,2019-04-06 00:39:47,Description of Interim,601
600,DMC2018,DMC2018,2019-04-06 00:39:47,2019-04-06 00:39:47,Description of DMC2018,600
599,asco_manuscript,asco_manuscript,2019-04-06 00:39:47,2019-04-06 00:39:47,Description of asco_manuscript,599
598,FDA_Update,FDA_Update,2019-04-06 00:39:47,2019-04-06 00:39:47,Description of FDA_Update,598
597,SafetyUpdate,SafetyUpdate,2019-04-06 00:39:47,2019-04-06 00:39:47,Description of SafetyUpdate,597
596,Final,Final,2019-04-06 00:39:47,2019-04-06 00:39:47,Description of Final,596
595,Interim,Interim,2019-04-06 00:39:47,2019-04-06 00:39:47,Description of Interim,595
594,DMC2018,DMC2018,2019-04-06 00:39:47,2019-04-06 00:39:47,Description of DMC2018,594
593,asco_manuscript,asco_manuscript,2019-04-06 00:39:47,2019-04-06 00:39:47,Description of asco_manuscript,593
592,FDA_Update,FDA_Update,2019-04-06 00:39:47,2019-04-06 00:39:47,Description of FDA_Update,592
591,SafetyUpdate,SafetyUpdate,2019-04-06 00:39:47,2019-04-06 00:39:47,Description of SafetyUpdate,591
590,Final,Final,2019-04-06 00:39:47,2019-04-06 00:39:47,Description of Final,590
589,Interim,Interim,2019-04-06 00:39:47,2019-04-06 00:39:47,Description of Interim,589
588,DMC2018,DMC2018,2019-04-06 00:39:47,2019-04-06 00:39:47,Description of DMC2018,588
587,asco_manuscript,asco_manuscript,2019-04-06 00:39:47,2019-04-06 00:39:47,Description of asco_manuscript,587
586,FDA_Update,FDA_Update,2019-04-06 00:39:47,2019-04-06 00:39:47,Description of FDA_Update,586
585,SafetyUpdate,SafetyUpdate,2019-04-06 00:39:47,2019-04-06 00:39:47,Description of SafetyUpdate,585
584,Final,Final,2019-04-06 00:39:47,2019-04-06 00:39:47,Description of Final,584
583,Interim,Interim,2019-04-06 00:39:47,2019-04-06 00:39:47,Description of Interim,583
582,DMC2018,DMC2018,2019-04-06 00:39:47,2019-04-06 00:39:47,Description of DMC2018,582
581,asco_manuscript,asco_manuscript,2019-04-06 00:39:47,2019-04-06 00:39:47,Description of asco_manuscript,581
580,FDA_Update,FDA_Update,2019-04-06 00:39:47,2019-04-06 00:39:47,Description of FDA_Update,580
579,SafetyUpdate,SafetyUpdate,2019-04-06 00:39:47,2019-04-06 00:39:47,Description of SafetyUpdate,579
578,Final,Final,2019-04-06 00:39:47,2019-04-06 00:39:47,Description of Final,578
577,Interim,Interim,2019-04-06 00:39:47,2019-04-06 00:39:47,Description of Interim,577
576,DMC2018,DMC2018,2019-04-06 00:39:47,2019-04-06 00:39:47,Description of DMC2018,576
575,asco_manuscript,asco_manuscript,2019-04-06 00:39:47,2019-04-06 00:39:47,Description of asco_manuscript,575
574,FDA_Update,FDA_Update,2019-04-06 00:39:47,2019-04-06 00:39:47,Description of FDA_Update,574
573,SafetyUpdate,SafetyUpdate,2019-04-06 00:39:47,2019-04-06 00:39:47,Description of SafetyUpdate,573
572,Final,Final,2019-04-06 00:39:47,2019-04-06 00:39:47,Description of Final,572
571,Interim,Interim,2019-04-06 00:39:47,2019-04-06 00:39:47,Description of Interim,571
570,DMC2018,DMC2018,2019-04-06 00:39:47,2019-04-06 00:39:47,Description of DMC2018,570
569,asco_manuscript,asco_manuscript,2019-04-06 00:39:47,2019-04-06 00:39:47,Description of asco_manuscript,569
568,FDA_Update,FDA_Update,2019-04-06 00:39:47,2019-04-06 00:39:47,Description of FDA_Update,568
567,SafetyUpdate,SafetyUpdate,2019-04-06 00:39:47,2019-04-06 00:39:47,Description of SafetyUpdate,567
566,Final,Final,2019-04-06 00:39:47,2019-04-06 00:39:47,Description of Final,566
565,Interim,Interim,2019-04-06 00:39:47,2019-04-06 00:39:47,Description of Interim,565
564,DMC2018,DMC2018,2019-04-06 00:39:47,2019-04-06 00:39:47,Description of DMC2018,564
563,asco_manuscript,asco_manuscript,2019-04-06 00:39:47,2019-04-06 00:39:47,Description of asco_manuscript,563
562,FDA_Update,FDA_Update,2019-04-06 00:39:47,2019-04-06 00:39:47,Description of FDA_Update,562
561,SafetyUpdate,SafetyUpdate,2019-04-06 00:39:47,2019-04-06 00:39:47,Description of SafetyUpdate,561
560,Final,Final,2019-04-06 00:39:47,2019-04-06 00:39:47,Description of Final,560
559,Interim,Interim,2019-04-06 00:39:47,2019-04-06 00:39:47,Description of Interim,559
558,DMC2018,DMC2018,2019-04-06 00:39:47,2019-04-06 00:39:47,Description of DMC2018,558
557,asco_manuscript,asco_manuscript,2019-04-06 00:39:47,2019-04-06 00:39:47,Description of asco_manuscript,557
556,FDA_Update,FDA_Update,2019-04-06 00:39:47,2019-04-06 00:39:47,Description of FDA_Update,556
555,SafetyUpdate,SafetyUpdate,2019-04-06 00:39:47,2019-04-06 00:39:47,Description of SafetyUpdate,555
554,Final,Final,2019-04-06 00:39:47,2019-04-06 00:39:47,Description of Final,554
553,Interim,Interim,2019-04-06 00:39:47,2019-04-06 00:39:47,Description of Interim,553
552,DMC2018,DMC2018,2019-04-06 00:39:47,2019-04-06 00:39:47,Description of DMC2018,552
551,asco_manuscript,asco_manuscript,2019-04-06 00:39:47,2019-04-06 00:39:47,Description of asco_manuscript,551
550,FDA_Update,FDA_Update,2019-04-06 00:39:47,2019-04-06 00:39:47,Description of FDA_Update,550
549,SafetyUpdate,SafetyUpdate,2019-04-06 00:39:47,2019-04-06 00:39:47,Description of SafetyUpdate,549
548,Final,Final,2019-04-06 00:39:47,2019-04-06 00:39:47,Description of Final,548
547,Interim,Interim,2019-04-06 00:39:47,2019-04-06 00:39:47,Description of Interim,547
546,DMC2018,DMC2018,2019-04-06 00:39:47,2019-04-06 00:39:47,Description of DMC2018,546
545,asco_manuscript,asco_manuscript,2019-04-06 00:39:47,2019-04-06 00:39:47,Description of asco_manuscript,545
544,FDA_Update,FDA_Update,2019-04-06 00:39:47,2019-04-06 00:39:47,Description of FDA_Update,544
543,SafetyUpdate,SafetyUpdate,2019-04-06 00:39:47,2019-04-06 00:39:47,Description of SafetyUpdate,543
542,Final,Final,2019-04-06 00:39:47,2019-04-06 00:39:47,Description of Final,542
541,Interim,Interim,2019-04-06 00:39:47,2019-04-06 00:39:47,Description of Interim,541
540,DMC2018,DMC2018,2019-04-06 00:39:47,2019-04-06 00:39:47,Description of DMC2018,540
539,asco_manuscript,asco_manuscript,2019-04-06 00:39:47,2019-04-06 00:39:47,Description of asco_manuscript,539
538,FDA_Update,FDA_Update,2019-04-06 00:39:47,2019-04-06 00:39:47,Description of FDA_Update,538
537,SafetyUpdate,SafetyUpdate,2019-04-06 00:39:47,2019-04-06 00:39:47,Description of SafetyUpdate,537
536,Final,Final,2019-04-06 00:39:47,2019-04-06 00:39:47,Description of Final,536
535,Interim,Interim,2019-04-06 00:39:47,2019-04-06 00:39:47,Description of Interim,535
534,DMC2018,DMC2018,2019-04-06 00:39:47,2019-04-06 00:39:47,Description of DMC2018,534
533,asco_manuscript,asco_manuscript,2019-04-06 00:39:47,2019-04-06 00:39:47,Description of asco_manuscript,533
532,FDA_Update,FDA_Update,2019-04-06 00:39:47,2019-04-06 00:39:47,Description of FDA_Update,532
531,SafetyUpdate,SafetyUpdate,2019-04-06 00:39:47,2019-04-06 00:39:47,Description of SafetyUpdate,531
530,Final,Final,2019-04-06 00:39:47,2019-04-06 00:39:47,Description of Final,530
529,Interim,Interim,2019-04-06 00:39:47,2019-04-06 00:39:47,Description of Interim,529
528,DMC2018,DMC2018,2019-04-06 00:39:47,2019-04-06 00:39:47,Description of DMC2018,528
527,asco_manuscript,asco_manuscript,2019-04-06 00:39:47,2019-04-06 00:39:47,Description of asco_manuscript,527
526,FDA_Update,FDA_Update,2019-04-06 00:39:47,2019-04-06 00:39:47,Description of FDA_Update,526
525,SafetyUpdate,SafetyUpdate,2019-04-06 00:39:47,2019-04-06 00:39:47,Description of SafetyUpdate,525
524,Final,Final,2019-04-06 00:39:47,2019-04-06 00:39:47,Description of Final,524
523,Interim,Interim,2019-04-06 00:39:47,2019-04-06 00:39:47,Description of Interim,523
522,DMC2018,DMC2018,2019-04-06 00:39:47,2019-04-06 00:39:47,Description of DMC2018,522
521,asco_manuscript,asco_manuscript,2019-04-06 00:39:47,2019-04-06 00:39:47,Description of asco_manuscript,521
520,FDA_Update,FDA_Update,2019-04-06 00:39:47,2019-04-06 00:39:47,Description of FDA_Update,520
519,SafetyUpdate,SafetyUpdate,2019-04-06 00:39:47,2019-04-06 00:39:47,Description of SafetyUpdate,519
518,Final,Final,2019-04-06 00:39:47,2019-04-06 00:39:47,Description of Final,518
517,Interim,Interim,2019-04-06 00:39:47,2019-04-06 00:39:47,Description of Interim,517
516,DMC2018,DMC2018,2019-04-06 00:39:47,2019-04-06 00:39:47,Description of DMC2018,516
515,asco_manuscript,asco_manuscript,2019-04-06 00:39:47,2019-04-06 00:39:47,Description of asco_manuscript,515
514,FDA_Update,FDA_Update,2019-04-06 00:39:47,2019-04-06 00:39:47,Description of FDA_Update,514
513,SafetyUpdate,SafetyUpdate,2019-04-06 00:39:47,2019-04-06 00:39:47,Description of SafetyUpdate,513
512,Final,Final,2019-04-06 00:39:47,2019-04-06 00:39:47,Description of Final,512
511,Interim,Interim,2019-04-06 00:39:47,2019-04-06 00:39:47,Description of Interim,511
510,DMC2018,DMC2018,2019-04-06 00:39:47,2019-04-06 00:39:47,Description of DMC2018,510
509,asco_manuscript,asco_manuscript,2019-04-06 00:39:47,2019-04-06 00:39:47,Description of asco_manuscript,509
508,FDA_Update,FDA_Update,2019-04-06 00:39:47,2019-04-06 00:39:47,Description of FDA_Update,508
507,SafetyUpdate,SafetyUpdate,2019-04-06 00:39:47,2019-04-06 00:39:47,Description of SafetyUpdate,507
506,Final,Final,2019-04-06 00:39:47,2019-04-06 00:39:47,Description of Final,506
505,Interim,Interim,2019-04-06 00:39:47,2019-04-06 00:39:47,Description of Interim,505
504,DMC2018,DMC2018,2019-04-06 00:39:47,2019-04-06 00:39:47,Description of DMC2018,504
503,asco_manuscript,asco_manuscript,2019-04-06 00:39:47,2019-04-06 00:39:47,Description of asco_manuscript,503
502,FDA_Update,FDA_Update,2019-04-06 00:39:47,2019-04-06 00:39:47,Description of FDA_Update,502
501,SafetyUpdate,SafetyUpdate,2019-04-06 00:39:47,2019-04-06 00:39:47,Description of SafetyUpdate,501
500,Final,Final,2019-04-06 00:39:47,2019-04-06 00:39:47,Description of Final,500
499,Interim,Interim,2019-04-06 00:39:47,2019-04-06 00:39:47,Description of Interim,499
498,DMC2018,DMC2018,2019-04-06 00:39:47,2019-04-06 00:39:47,Description of DMC2018,498
497,asco_manuscript,asco_manuscript,2019-04-06 00:39:47,2019-04-06 00:39:47,Description of asco_manuscript,497
496,FDA_Update,FDA_Update,2019-04-06 00:39:47,2019-04-06 00:39:47,Description of FDA_Update,496
495,SafetyUpdate,SafetyUpdate,2019-04-06 00:39:47,2019-04-06 00:39:47,Description of SafetyUpdate,495
494,Final,Final,2019-04-06 00:39:47,2019-04-06 00:39:47,Description of Final,494
493,Interim,Interim,2019-04-06 00:39:47,2019-04-06 00:39:47,Description of Interim,493
492,DMC2018,DMC2018,2019-04-06 00:39:47,2019-04-06 00:39:47,Description of DMC2018,492
491,asco_manuscript,asco_manuscript,2019-04-06 00:39:47,2019-04-06 00:39:47,Description of asco_manuscript,491
490,FDA_Update,FDA_Update,2019-04-06 00:39:47,2019-04-06 00:39:47,Description of FDA_Update,490
489,SafetyUpdate,SafetyUpdate,2019-04-06 00:39:47,2019-04-06 00:39:47,Description of SafetyUpdate,489
488,Final,Final,2019-04-06 00:39:47,2019-04-06 00:39:47,Description of Final,488
487,Interim,Interim,2019-04-06 00:39:47,2019-04-06 00:39:47,Description of Interim,487
486,DMC2018,DMC2018,2019-04-06 00:39:47,2019-04-06 00:39:47,Description of DMC2018,486
485,asco_manuscript,asco_manuscript,2019-04-06 00:39:47,2019-04-06 00:39:47,Description of asco_manuscript,485
484,FDA_Update,FDA_Update,2019-04-06 00:39:47,2019-04-06 00:39:47,Description of FDA_Update,484
483,SafetyUpdate,SafetyUpdate,2019-04-06 00:39:47,2019-04-06 00:39:47,Description of SafetyUpdate,483
482,Final,Final,2019-04-06 00:39:47,2019-04-06 00:39:47,Description of Final,482
481,Interim,Interim,2019-04-06 00:39:47,2019-04-06 00:39:47,Description of Interim,481
480,DMC2018,DMC2018,2019-04-06 00:39:47,2019-04-06 00:39:47,Description of DMC2018,480
479,asco_manuscript,asco_manuscript,2019-04-06 00:39:47,2019-04-06 00:39:47,Description of asco_manuscript,479
478,FDA_Update,FDA_Update,2019-04-06 00:39:47,2019-04-06 00:39:47,Description of FDA_Update,478
477,SafetyUpdate,SafetyUpdate,2019-04-06 00:39:47,2019-04-06 00:39:47,Description of SafetyUpdate,477
476,Final,Final,2019-04-06 00:39:47,2019-04-06 00:39:47,Description of Final,476
475,Interim,Interim,2019-04-06 00:39:47,2019-04-06 00:39:47,Description of Interim,475
474,DMC2018,DMC2018,2019-04-06 00:39:47,2019-04-06 00:39:47,Description of DMC2018,474
473,asco_manuscript,asco_manuscript,2019-04-06 00:39:47,2019-04-06 00:39:47,Description of asco_manuscript,473
472,FDA_Update,FDA_Update,2019-04-06 00:39:47,2019-04-06 00:39:47,Description of FDA_Update,472
471,SafetyUpdate,SafetyUpdate,2019-04-06 00:39:47,2019-04-06 00:39:47,Description of SafetyUpdate,471
470,Final,Final,2019-04-06 00:39:47,2019-04-06 00:39:47,Description of Final,470
469,Interim,Interim,2019-04-06 00:39:47,2019-04-06 00:39:47,Description of Interim,469
468,DMC2018,DMC2018,2019-04-06 00:39:47,2019-04-06 00:39:47,Description of DMC2018,468
467,asco_manuscript,asco_manuscript,2019-04-06 00:39:47,2019-04-06 00:39:47,Description of asco_manuscript,467
466,FDA_Update,FDA_Update,2019-04-06 00:39:47,2019-04-06 00:39:47,Description of FDA_Update,466
465,SafetyUpdate,SafetyUpdate,2019-04-06 00:39:47,2019-04-06 00:39:47,Description of SafetyUpdate,465
464,Final,Final,2019-04-06 00:39:47,2019-04-06 00:39:47,Description of Final,464
463,Interim,Interim,2019-04-06 00:39:47,2019-04-06 00:39:47,Description of Interim,463
462,DMC2018,DMC2018,2019-04-06 00:39:47,2019-04-06 00:39:47,Description of DMC2018,462
461,asco_manuscript,asco_manuscript,2019-04-06 00:39:47,2019-04-06 00:39:47,Description of asco_manuscript,461
460,FDA_Update,FDA_Update,2019-04-06 00:39:47,2019-04-06 00:39:47,Description of FDA_Update,460
459,SafetyUpdate,SafetyUpdate,2019-04-06 00:39:47,2019-04-06 00:39:47,Description of SafetyUpdate,459
458,Final,Final,2019-04-06 00:39:47,2019-04-06 00:39:47,Description of Final,458
457,Interim,Interim,2019-04-06 00:39:47,2019-04-06 00:39:47,Description of Interim,457
456,DMC2018,DMC2018,2019-04-06 00:39:47,2019-04-06 00:39:47,Description of DMC2018,456
455,asco_manuscript,asco_manuscript,2019-04-06 00:39:47,2019-04-06 00:39:47,Description of asco_manuscript,455
454,FDA_Update,FDA_Update,2019-04-06 00:39:47,2019-04-06 00:39:47,Description of FDA_Update,454
453,SafetyUpdate,SafetyUpdate,2019-04-06 00:39:47,2019-04-06 00:39:47,Description of SafetyUpdate,453
452,Final,Final,2019-04-06 00:39:47,2019-04-06 00:39:47,Description of Final,452
451,Interim,Interim,2019-04-06 00:39:47,2019-04-06 00:39:47,Description of Interim,451
450,DMC2018,DMC2018,2019-04-06 00:39:47,2019-04-06 00:39:47,Description of DMC2018,450
449,asco_manuscript,asco_manuscript,2019-04-06 00:39:47,2019-04-06 00:39:47,Description of asco_manuscript,449
448,FDA_Update,FDA_Update,2019-04-06 00:39:47,2019-04-06 00:39:47,Description of FDA_Update,448
447,SafetyUpdate,SafetyUpdate,2019-04-06 00:39:47,2019-04-06 00:39:47,Description of SafetyUpdate,447
446,Final,Final,2019-04-06 00:39:47,2019-04-06 00:39:47,Description of Final,446
445,Interim,Interim,2019-04-06 00:39:47,2019-04-06 00:39:47,Description of Interim,445
444,DMC2018,DMC2018,2019-04-06 00:39:47,2019-04-06 00:39:47,Description of DMC2018,444
443,asco_manuscript,asco_manuscript,2019-04-06 00:39:47,2019-04-06 00:39:47,Description of asco_manuscript,443
442,FDA_Update,FDA_Update,2019-04-06 00:39:47,2019-04-06 00:39:47,Description of FDA_Update,442
441,SafetyUpdate,SafetyUpdate,2019-04-06 00:39:47,2019-04-06 00:39:47,Description of SafetyUpdate,441
440,Final,Final,2019-04-06 00:39:47,2019-04-06 00:39:47,Description of Final,440
439,Interim,Interim,2019-04-06 00:39:47,2019-04-06 00:39:47,Description of Interim,439
438,DMC2018,DMC2018,2019-04-06 00:39:47,2019-04-06 00:39:47,Description of DMC2018,438
437,asco_manuscript,asco_manuscript,2019-04-06 00:39:47,2019-04-06 00:39:47,Description of asco_manuscript,437
436,FDA_Update,FDA_Update,2019-04-06 00:39:47,2019-04-06 00:39:47,Description of FDA_Update,436
435,SafetyUpdate,SafetyUpdate,2019-04-06 00:39:47,2019-04-06 00:39:47,Description of SafetyUpdate,435
434,Final,Final,2019-04-06 00:39:47,2019-04-06 00:39:47,Description of Final,434
433,Interim,Interim,2019-04-06 00:39:47,2019-04-06 00:39:47,Description of Interim,433
432,DMC2018,DMC2018,2019-04-06 00:39:47,2019-04-06 00:39:47,Description of DMC2018,432
431,asco_manuscript,asco_manuscript,2019-04-06 00:39:47,2019-04-06 00:39:47,Description of asco_manuscript,431
430,FDA_Update,FDA_Update,2019-04-06 00:39:47,2019-04-06 00:39:47,Description of FDA_Update,430
429,SafetyUpdate,SafetyUpdate,2019-04-06 00:39:47,2019-04-06 00:39:47,Description of SafetyUpdate,429
428,Final,Final,2019-04-06 00:39:47,2019-04-06 00:39:47,Description of Final,428
427,Interim,Interim,2019-04-06 00:39:47,2019-04-06 00:39:47,Description of Interim,427
426,DMC2018,DMC2018,2019-04-06 00:39:47,2019-04-06 00:39:47,Description of DMC2018,426
425,asco_manuscript,asco_manuscript,2019-04-06 00:39:47,2019-04-06 00:39:47,Description of asco_manuscript,425
424,FDA_Update,FDA_Update,2019-04-06 00:39:47,2019-04-06 00:39:47,Description of FDA_Update,424
423,SafetyUpdate,SafetyUpdate,2019-04-06 00:39:47,2019-04-06 00:39:47,Description of SafetyUpdate,423
422,Final,Final,2019-04-06 00:39:47,2019-04-06 00:39:47,Description of Final,422
421,Interim,Interim,2019-04-06 00:39:47,2019-04-06 00:39:47,Description of Interim,421
420,DMC2018,DMC2018,2019-04-06 00:39:47,2019-04-06 00:39:47,Description of DMC2018,420
419,asco_manuscript,asco_manuscript,2019-04-06 00:39:47,2019-04-06 00:39:47,Description of asco_manuscript,419
418,FDA_Update,FDA_Update,2019-04-06 00:39:47,2019-04-06 00:39:47,Description of FDA_Update,418
417,SafetyUpdate,SafetyUpdate,2019-04-06 00:39:47,2019-04-06 00:39:47,Description of SafetyUpdate,417
416,Final,Final,2019-04-06 00:39:47,2019-04-06 00:39:47,Description of Final,416
415,Interim,Interim,2019-04-06 00:39:47,2019-04-06 00:39:47,Description of Interim,415
414,DMC2018,DMC2018,2019-04-06 00:39:47,2019-04-06 00:39:47,Description of DMC2018,414
413,asco_manuscript,asco_manuscript,2019-04-06 00:39:47,2019-04-06 00:39:47,Description of asco_manuscript,413
412,FDA_Update,FDA_Update,2019-04-06 00:39:47,2019-04-06 00:39:47,Description of FDA_Update,412
411,SafetyUpdate,SafetyUpdate,2019-04-06 00:39:47,2019-04-06 00:39:47,Description of SafetyUpdate,411
410,Final,Final,2019-04-06 00:39:47,2019-04-06 00:39:47,Description of Final,410
409,Interim,Interim,2019-04-06 00:39:47,2019-04-06 00:39:47,Description of Interim,409
408,DMC2018,DMC2018,2019-04-06 00:39:47,2019-04-06 00:39:47,Description of DMC2018,408
407,asco_manuscript,asco_manuscript,2019-04-06 00:39:47,2019-04-06 00:39:47,Description of asco_manuscript,407
406,FDA_Update,FDA_Update,2019-04-06 00:39:47,2019-04-06 00:39:47,Description of FDA_Update,406
405,SafetyUpdate,SafetyUpdate,2019-04-06 00:39:47,2019-04-06 00:39:47,Description of SafetyUpdate,405
404,Final,Final,2019-04-06 00:39:47,2019-04-06 00:39:47,Description of Final,404
403,Interim,Interim,2019-04-06 00:39:47,2019-04-06 00:39:47,Description of Interim,403
402,DMC2018,DMC2018,2019-04-06 00:39:47,2019-04-06 00:39:47,Description of DMC2018,402
401,asco_manuscript,asco_manuscript,2019-04-06 00:39:46,2019-04-06 00:39:46,Description of asco_manuscript,401
400,FDA_Update,FDA_Update,2019-04-06 00:39:46,2019-04-06 00:39:46,Description of FDA_Update,400
399,SafetyUpdate,SafetyUpdate,2019-04-06 00:39:46,2019-04-06 00:39:46,Description of SafetyUpdate,399
398,Final,Final,2019-04-06 00:39:46,2019-04-06 00:39:46,Description of Final,398
397,Interim,Interim,2019-04-06 00:39:46,2019-04-06 00:39:46,Description of Interim,397
396,DMC2018,DMC2018,2019-04-06 00:39:46,2019-04-06 00:39:46,Description of DMC2018,396
395,asco_manuscript,asco_manuscript,2019-04-06 00:39:46,2019-04-06 00:39:46,Description of asco_manuscript,395
394,FDA_Update,FDA_Update,2019-04-06 00:39:46,2019-04-06 00:39:46,Description of FDA_Update,394
393,SafetyUpdate,SafetyUpdate,2019-04-06 00:39:46,2019-04-06 00:39:46,Description of SafetyUpdate,393
392,Final,Final,2019-04-06 00:39:46,2019-04-06 00:39:46,Description of Final,392
391,Interim,Interim,2019-04-06 00:39:46,2019-04-06 00:39:46,Description of Interim,391
390,DMC2018,DMC2018,2019-04-06 00:39:46,2019-04-06 00:39:46,Description of DMC2018,390
389,asco_manuscript,asco_manuscript,2019-04-06 00:39:46,2019-04-06 00:39:46,Description of asco_manuscript,389
388,FDA_Update,FDA_Update,2019-04-06 00:39:46,2019-04-06 00:39:46,Description of FDA_Update,388
387,SafetyUpdate,SafetyUpdate,2019-04-06 00:39:46,2019-04-06 00:39:46,Description of SafetyUpdate,387
386,Final,Final,2019-04-06 00:39:46,2019-04-06 00:39:46,Description of Final,386
385,Interim,Interim,2019-04-06 00:39:46,2019-04-06 00:39:46,Description of Interim,385
384,DMC2018,DMC2018,2019-04-06 00:39:46,2019-04-06 00:39:46,Description of DMC2018,384
383,asco_manuscript,asco_manuscript,2019-04-06 00:39:46,2019-04-06 00:39:46,Description of asco_manuscript,383
382,FDA_Update,FDA_Update,2019-04-06 00:39:46,2019-04-06 00:39:46,Description of FDA_Update,382
381,SafetyUpdate,SafetyUpdate,2019-04-06 00:39:46,2019-04-06 00:39:46,Description of SafetyUpdate,381
380,Final,Final,2019-04-06 00:39:46,2019-04-06 00:39:46,Description of Final,380
379,Interim,Interim,2019-04-06 00:39:46,2019-04-06 00:39:46,Description of Interim,379
378,DMC2018,DMC2018,2019-04-06 00:39:46,2019-04-06 00:39:46,Description of DMC2018,378
377,asco_manuscript,asco_manuscript,2019-04-06 00:39:46,2019-04-06 00:39:46,Description of asco_manuscript,377
376,FDA_Update,FDA_Update,2019-04-06 00:39:46,2019-04-06 00:39:46,Description of FDA_Update,376
375,SafetyUpdate,SafetyUpdate,2019-04-06 00:39:46,2019-04-06 00:39:46,Description of SafetyUpdate,375
374,Final,Final,2019-04-06 00:39:46,2019-04-06 00:39:46,Description of Final,374
373,Interim,Interim,2019-04-06 00:39:46,2019-04-06 00:39:46,Description of Interim,373
372,DMC2018,DMC2018,2019-04-06 00:39:46,2019-04-06 00:39:46,Description of DMC2018,372
371,asco_manuscript,asco_manuscript,2019-04-06 00:39:46,2019-04-06 00:39:46,Description of asco_manuscript,371
370,FDA_Update,FDA_Update,2019-04-06 00:39:46,2019-04-06 00:39:46,Description of FDA_Update,370
369,SafetyUpdate,SafetyUpdate,2019-04-06 00:39:46,2019-04-06 00:39:46,Description of SafetyUpdate,369
368,Final,Final,2019-04-06 00:39:46,2019-04-06 00:39:46,Description of Final,368
367,Interim,Interim,2019-04-06 00:39:46,2019-04-06 00:39:46,Description of Interim,367
366,DMC2018,DMC2018,2019-04-06 00:39:46,2019-04-06 00:39:46,Description of DMC2018,366
365,asco_manuscript,asco_manuscript,2019-04-06 00:39:46,2019-04-06 00:39:46,Description of asco_manuscript,365
364,FDA_Update,FDA_Update,2019-04-06 00:39:46,2019-04-06 00:39:46,Description of FDA_Update,364
363,SafetyUpdate,SafetyUpdate,2019-04-06 00:39:46,2019-04-06 00:39:46,Description of SafetyUpdate,363
362,Final,Final,2019-04-06 00:39:46,2019-04-06 00:39:46,Description of Final,362
361,Interim,Interim,2019-04-06 00:39:46,2019-04-06 00:39:46,Description of Interim,361
360,DMC2018,DMC2018,2019-04-06 00:39:46,2019-04-06 00:39:46,Description of DMC2018,360
359,asco_manuscript,asco_manuscript,2019-04-06 00:39:46,2019-04-06 00:39:46,Description of asco_manuscript,359
358,FDA_Update,FDA_Update,2019-04-06 00:39:46,2019-04-06 00:39:46,Description of FDA_Update,358
357,SafetyUpdate,SafetyUpdate,2019-04-06 00:39:46,2019-04-06 00:39:46,Description of SafetyUpdate,357
356,Final,Final,2019-04-06 00:39:46,2019-04-06 00:39:46,Description of Final,356
355,Interim,Interim,2019-04-06 00:39:46,2019-04-06 00:39:46,Description of Interim,355
354,DMC2018,DMC2018,2019-04-06 00:39:46,2019-04-06 00:39:46,Description of DMC2018,354
353,asco_manuscript,asco_manuscript,2019-04-06 00:39:46,2019-04-06 00:39:46,Description of asco_manuscript,353
352,FDA_Update,FDA_Update,2019-04-06 00:39:46,2019-04-06 00:39:46,Description of FDA_Update,352
351,SafetyUpdate,SafetyUpdate,2019-04-06 00:39:46,2019-04-06 00:39:46,Description of SafetyUpdate,351
350,Final,Final,2019-04-06 00:39:46,2019-04-06 00:39:46,Description of Final,350
349,Interim,Interim,2019-04-06 00:39:46,2019-04-06 00:39:46,Description of Interim,349
348,DMC2018,DMC2018,2019-04-06 00:39:46,2019-04-06 00:39:46,Description of DMC2018,348
347,asco_manuscript,asco_manuscript,2019-04-06 00:39:46,2019-04-06 00:39:46,Description of asco_manuscript,347
346,FDA_Update,FDA_Update,2019-04-06 00:39:46,2019-04-06 00:39:46,Description of FDA_Update,346
345,SafetyUpdate,SafetyUpdate,2019-04-06 00:39:46,2019-04-06 00:39:46,Description of SafetyUpdate,345
344,Final,Final,2019-04-06 00:39:46,2019-04-06 00:39:46,Description of Final,344
343,Interim,Interim,2019-04-06 00:39:46,2019-04-06 00:39:46,Description of Interim,343
342,DMC2018,DMC2018,2019-04-06 00:39:46,2019-04-06 00:39:46,Description of DMC2018,342
341,asco_manuscript,asco_manuscript,2019-04-06 00:39:46,2019-04-06 00:39:46,Description of asco_manuscript,341
340,FDA_Update,FDA_Update,2019-04-06 00:39:46,2019-04-06 00:39:46,Description of FDA_Update,340
339,SafetyUpdate,SafetyUpdate,2019-04-06 00:39:46,2019-04-06 00:39:46,Description of SafetyUpdate,339
338,Final,Final,2019-04-06 00:39:46,2019-04-06 00:39:46,Description of Final,338
337,Interim,Interim,2019-04-06 00:39:46,2019-04-06 00:39:46,Description of Interim,337
336,DMC2018,DMC2018,2019-04-06 00:39:46,2019-04-06 00:39:46,Description of DMC2018,336
335,asco_manuscript,asco_manuscript,2019-04-06 00:39:46,2019-04-06 00:39:46,Description of asco_manuscript,335
334,FDA_Update,FDA_Update,2019-04-06 00:39:46,2019-04-06 00:39:46,Description of FDA_Update,334
333,SafetyUpdate,SafetyUpdate,2019-04-06 00:39:46,2019-04-06 00:39:46,Description of SafetyUpdate,333
332,Final,Final,2019-04-06 00:39:46,2019-04-06 00:39:46,Description of Final,332
331,Interim,Interim,2019-04-06 00:39:46,2019-04-06 00:39:46,Description of Interim,331
330,DMC2018,DMC2018,2019-04-06 00:39:46,2019-04-06 00:39:46,Description of DMC2018,330
329,asco_manuscript,asco_manuscript,2019-04-06 00:39:46,2019-04-06 00:39:46,Description of asco_manuscript,329
328,FDA_Update,FDA_Update,2019-04-06 00:39:46,2019-04-06 00:39:46,Description of FDA_Update,328
327,SafetyUpdate,SafetyUpdate,2019-04-06 00:39:46,2019-04-06 00:39:46,Description of SafetyUpdate,327
326,Final,Final,2019-04-06 00:39:46,2019-04-06 00:39:46,Description of Final,326
325,Interim,Interim,2019-04-06 00:39:46,2019-04-06 00:39:46,Description of Interim,325
324,DMC2018,DMC2018,2019-04-06 00:39:46,2019-04-06 00:39:46,Description of DMC2018,324
323,asco_manuscript,asco_manuscript,2019-04-06 00:39:46,2019-04-06 00:39:46,Description of asco_manuscript,323
322,FDA_Update,FDA_Update,2019-04-06 00:39:46,2019-04-06 00:39:46,Description of FDA_Update,322
321,SafetyUpdate,SafetyUpdate,2019-04-06 00:39:46,2019-04-06 00:39:46,Description of SafetyUpdate,321
320,Final,Final,2019-04-06 00:39:46,2019-04-06 00:39:46,Description of Final,320
319,Interim,Interim,2019-04-06 00:39:46,2019-04-06 00:39:46,Description of Interim,319
318,DMC2018,DMC2018,2019-04-06 00:39:46,2019-04-06 00:39:46,Description of DMC2018,318
317,asco_manuscript,asco_manuscript,2019-04-06 00:39:46,2019-04-06 00:39:46,Description of asco_manuscript,317
316,FDA_Update,FDA_Update,2019-04-06 00:39:46,2019-04-06 00:39:46,Description of FDA_Update,316
315,SafetyUpdate,SafetyUpdate,2019-04-06 00:39:46,2019-04-06 00:39:46,Description of SafetyUpdate,315
314,Final,Final,2019-04-06 00:39:46,2019-04-06 00:39:46,Description of Final,314
313,Interim,Interim,2019-04-06 00:39:46,2019-04-06 00:39:46,Description of Interim,313
312,DMC2018,DMC2018,2019-04-06 00:39:46,2019-04-06 00:39:46,Description of DMC2018,312
311,asco_manuscript,asco_manuscript,2019-04-06 00:39:46,2019-04-06 00:39:46,Description of asco_manuscript,311
310,FDA_Update,FDA_Update,2019-04-06 00:39:46,2019-04-06 00:39:46,Description of FDA_Update,310
309,SafetyUpdate,SafetyUpdate,2019-04-06 00:39:46,2019-04-06 00:39:46,Description of SafetyUpdate,309
308,Final,Final,2019-04-06 00:39:46,2019-04-06 00:39:46,Description of Final,308
307,Interim,Interim,2019-04-06 00:39:46,2019-04-06 00:39:46,Description of Interim,307
306,DMC2018,DMC2018,2019-04-06 00:39:46,2019-04-06 00:39:46,Description of DMC2018,306
305,asco_manuscript,asco_manuscript,2019-04-06 00:39:46,2019-04-06 00:39:46,Description of asco_manuscript,305
304,FDA_Update,FDA_Update,2019-04-06 00:39:46,2019-04-06 00:39:46,Description of FDA_Update,304
303,SafetyUpdate,SafetyUpdate,2019-04-06 00:39:46,2019-04-06 00:39:46,Description of SafetyUpdate,303
302,Final,Final,2019-04-06 00:39:46,2019-04-06 00:39:46,Description of Final,302
301,Interim,Interim,2019-04-06 00:39:46,2019-04-06 00:39:46,Description of Interim,301
300,DMC2018,DMC2018,2019-04-06 00:39:46,2019-04-06 00:39:46,Description of DMC2018,300
299,asco_manuscript,asco_manuscript,2019-04-06 00:39:46,2019-04-06 00:39:46,Description of asco_manuscript,299
298,FDA_Update,FDA_Update,2019-04-06 00:39:46,2019-04-06 00:39:46,Description of FDA_Update,298
297,SafetyUpdate,SafetyUpdate,2019-04-06 00:39:46,2019-04-06 00:39:46,Description of SafetyUpdate,297
296,Final,Final,2019-04-06 00:39:46,2019-04-06 00:39:46,Description of Final,296
295,Interim,Interim,2019-04-06 00:39:46,2019-04-06 00:39:46,Description of Interim,295
294,DMC2018,DMC2018,2019-04-06 00:39:46,2019-04-06 00:39:46,Description of DMC2018,294
293,asco_manuscript,asco_manuscript,2019-04-06 00:39:46,2019-04-06 00:39:46,Description of asco_manuscript,293
292,FDA_Update,FDA_Update,2019-04-06 00:39:46,2019-04-06 00:39:46,Description of FDA_Update,292
291,SafetyUpdate,SafetyUpdate,2019-04-06 00:39:46,2019-04-06 00:39:46,Description of SafetyUpdate,291
290,Final,Final,2019-04-06 00:39:46,2019-04-06 00:39:46,Description of Final,290
289,Interim,Interim,2019-04-06 00:39:46,2019-04-06 00:39:46,Description of Interim,289
288,DMC2018,DMC2018,2019-04-06 00:39:46,2019-04-06 00:39:46,Description of DMC2018,288
287,asco_manuscript,asco_manuscript,2019-04-06 00:39:46,2019-04-06 00:39:46,Description of asco_manuscript,287
286,FDA_Update,FDA_Update,2019-04-06 00:39:46,2019-04-06 00:39:46,Description of FDA_Update,286
285,SafetyUpdate,SafetyUpdate,2019-04-06 00:39:46,2019-04-06 00:39:46,Description of SafetyUpdate,285
284,Final,Final,2019-04-06 00:39:46,2019-04-06 00:39:46,Description of Final,284
283,Interim,Interim,2019-04-06 00:39:46,2019-04-06 00:39:46,Description of Interim,283
282,DMC2018,DMC2018,2019-04-06 00:39:46,2019-04-06 00:39:46,Description of DMC2018,282
281,asco_manuscript,asco_manuscript,2019-04-06 00:39:46,2019-04-06 00:39:46,Description of asco_manuscript,281
280,FDA_Update,FDA_Update,2019-04-06 00:39:46,2019-04-06 00:39:46,Description of FDA_Update,280
279,SafetyUpdate,SafetyUpdate,2019-04-06 00:39:46,2019-04-06 00:39:46,Description of SafetyUpdate,279
278,Final,Final,2019-04-06 00:39:46,2019-04-06 00:39:46,Description of Final,278
277,Interim,Interim,2019-04-06 00:39:46,2019-04-06 00:39:46,Description of Interim,277
276,DMC2018,DMC2018,2019-04-06 00:39:46,2019-04-06 00:39:46,Description of DMC2018,276
275,asco_manuscript,asco_manuscript,2019-04-06 00:39:46,2019-04-06 00:39:46,Description of asco_manuscript,275
274,FDA_Update,FDA_Update,2019-04-06 00:39:46,2019-04-06 00:39:46,Description of FDA_Update,274
273,SafetyUpdate,SafetyUpdate,2019-04-06 00:39:46,2019-04-06 00:39:46,Description of SafetyUpdate,273
272,Final,Final,2019-04-06 00:39:46,2019-04-06 00:39:46,Description of Final,272
271,Interim,Interim,2019-04-06 00:39:46,2019-04-06 00:39:46,Description of Interim,271
270,DMC2018,DMC2018,2019-04-06 00:39:46,2019-04-06 00:39:46,Description of DMC2018,270
269,asco_manuscript,asco_manuscript,2019-04-06 00:39:46,2019-04-06 00:39:46,Description of asco_manuscript,269
268,FDA_Update,FDA_Update,2019-04-06 00:39:46,2019-04-06 00:39:46,Description of FDA_Update,268
267,SafetyUpdate,SafetyUpdate,2019-04-06 00:39:46,2019-04-06 00:39:46,Description of SafetyUpdate,267
266,Final,Final,2019-04-06 00:39:46,2019-04-06 00:39:46,Description of Final,266
265,Interim,Interim,2019-04-06 00:39:46,2019-04-06 00:39:46,Description of Interim,265
264,DMC2018,DMC2018,2019-04-06 00:39:46,2019-04-06 00:39:46,Description of DMC2018,264
263,asco_manuscript,asco_manuscript,2019-04-06 00:39:46,2019-04-06 00:39:46,Description of asco_manuscript,263
262,FDA_Update,FDA_Update,2019-04-06 00:39:46,2019-04-06 00:39:46,Description of FDA_Update,262
261,SafetyUpdate,SafetyUpdate,2019-04-06 00:39:46,2019-04-06 00:39:46,Description of SafetyUpdate,261
260,Final,Final,2019-04-06 00:39:46,2019-04-06 00:39:46,Description of Final,260
259,Interim,Interim,2019-04-06 00:39:46,2019-04-06 00:39:46,Description of Interim,259
258,DMC2018,DMC2018,2019-04-06 00:39:46,2019-04-06 00:39:46,Description of DMC2018,258
257,asco_manuscript,asco_manuscript,2019-04-06 00:39:46,2019-04-06 00:39:46,Description of asco_manuscript,257
256,FDA_Update,FDA_Update,2019-04-06 00:39:46,2019-04-06 00:39:46,Description of FDA_Update,256
255,SafetyUpdate,SafetyUpdate,2019-04-06 00:39:46,2019-04-06 00:39:46,Description of SafetyUpdate,255
254,Final,Final,2019-04-06 00:39:46,2019-04-06 00:39:46,Description of Final,254
253,Interim,Interim,2019-04-06 00:39:46,2019-04-06 00:39:46,Description of Interim,253
252,DMC2018,DMC2018,2019-04-06 00:39:46,2019-04-06 00:39:46,Description of DMC2018,252
251,asco_manuscript,asco_manuscript,2019-04-06 00:39:46,2019-04-06 00:39:46,Description of asco_manuscript,251
250,FDA_Update,FDA_Update,2019-04-06 00:39:46,2019-04-06 00:39:46,Description of FDA_Update,250
249,SafetyUpdate,SafetyUpdate,2019-04-06 00:39:46,2019-04-06 00:39:46,Description of SafetyUpdate,249
248,Final,Final,2019-04-06 00:39:46,2019-04-06 00:39:46,Description of Final,248
247,Interim,Interim,2019-04-06 00:39:46,2019-04-06 00:39:46,Description of Interim,247
246,DMC2018,DMC2018,2019-04-06 00:39:46,2019-04-06 00:39:46,Description of DMC2018,246
245,asco_manuscript,asco_manuscript,2019-04-06 00:39:46,2019-04-06 00:39:46,Description of asco_manuscript,245
244,FDA_Update,FDA_Update,2019-04-06 00:39:46,2019-04-06 00:39:46,Description of FDA_Update,244
243,SafetyUpdate,SafetyUpdate,2019-04-06 00:39:46,2019-04-06 00:39:46,Description of SafetyUpdate,243
242,Final,Final,2019-04-06 00:39:46,2019-04-06 00:39:46,Description of Final,242
241,Interim,Interim,2019-04-06 00:39:46,2019-04-06 00:39:46,Description of Interim,241
240,DMC2018,DMC2018,2019-04-06 00:39:46,2019-04-06 00:39:46,Description of DMC2018,240
239,asco_manuscript,asco_manuscript,2019-04-06 00:39:46,2019-04-06 00:39:46,Description of asco_manuscript,239
238,FDA_Update,FDA_Update,2019-04-06 00:39:46,2019-04-06 00:39:46,Description of FDA_Update,238
237,SafetyUpdate,SafetyUpdate,2019-04-06 00:39:46,2019-04-06 00:39:46,Description of SafetyUpdate,237
236,Final,Final,2019-04-06 00:39:46,2019-04-06 00:39:46,Description of Final,236
235,Interim,Interim,2019-04-06 00:39:46,2019-04-06 00:39:46,Description of Interim,235
234,DMC2018,DMC2018,2019-04-06 00:39:46,2019-04-06 00:39:46,Description of DMC2018,234
233,asco_manuscript,asco_manuscript,2019-04-06 00:39:46,2019-04-06 00:39:46,Description of asco_manuscript,233
232,FDA_Update,FDA_Update,2019-04-06 00:39:46,2019-04-06 00:39:46,Description of FDA_Update,232
231,SafetyUpdate,SafetyUpdate,2019-04-06 00:39:46,2019-04-06 00:39:46,Description of SafetyUpdate,231
230,Final,Final,2019-04-06 00:39:46,2019-04-06 00:39:46,Description of Final,230
229,Interim,Interim,2019-04-06 00:39:46,2019-04-06 00:39:46,Description of Interim,229
228,DMC2018,DMC2018,2019-04-06 00:39:46,2019-04-06 00:39:46,Description of DMC2018,228
227,asco_manuscript,asco_manuscript,2019-04-06 00:39:46,2019-04-06 00:39:46,Description of asco_manuscript,227
226,FDA_Update,FDA_Update,2019-04-06 00:39:46,2019-04-06 00:39:46,Description of FDA_Update,226
225,SafetyUpdate,SafetyUpdate,2019-04-06 00:39:46,2019-04-06 00:39:46,Description of SafetyUpdate,225
224,Final,Final,2019-04-06 00:39:46,2019-04-06 00:39:46,Description of Final,224
223,Interim,Interim,2019-04-06 00:39:46,2019-04-06 00:39:46,Description of Interim,223
222,DMC2018,DMC2018,2019-04-06 00:39:46,2019-04-06 00:39:46,Description of DMC2018,222
221,asco_manuscript,asco_manuscript,2019-04-06 00:39:46,2019-04-06 00:39:46,Description of asco_manuscript,221
220,FDA_Update,FDA_Update,2019-04-06 00:39:46,2019-04-06 00:39:46,Description of FDA_Update,220
219,SafetyUpdate,SafetyUpdate,2019-04-06 00:39:46,2019-04-06 00:39:46,Description of SafetyUpdate,219
218,Final,Final,2019-04-06 00:39:46,2019-04-06 00:39:46,Description of Final,218
217,Interim,Interim,2019-04-06 00:39:46,2019-04-06 00:39:46,Description of Interim,217
216,DMC2018,DMC2018,2019-04-06 00:39:46,2019-04-06 00:39:46,Description of DMC2018,216
215,asco_manuscript,asco_manuscript,2019-04-06 00:39:46,2019-04-06 00:39:46,Description of asco_manuscript,215
214,FDA_Update,FDA_Update,2019-04-06 00:39:46,2019-04-06 00:39:46,Description of FDA_Update,214
213,SafetyUpdate,SafetyUpdate,2019-04-06 00:39:46,2019-04-06 00:39:46,Description of SafetyUpdate,213
212,Final,Final,2019-04-06 00:39:46,2019-04-06 00:39:46,Description of Final,212
211,Interim,Interim,2019-04-06 00:39:46,2019-04-06 00:39:46,Description of Interim,211
210,DMC2018,DMC2018,2019-04-06 00:39:46,2019-04-06 00:39:46,Description of DMC2018,210
209,asco_manuscript,asco_manuscript,2019-04-06 00:39:46,2019-04-06 00:39:46,Description of asco_manuscript,209
208,FDA_Update,FDA_Update,2019-04-06 00:39:46,2019-04-06 00:39:46,Description of FDA_Update,208
207,SafetyUpdate,SafetyUpdate,2019-04-06 00:39:46,2019-04-06 00:39:46,Description of SafetyUpdate,207
206,Final,Final,2019-04-06 00:39:46,2019-04-06 00:39:46,Description of Final,206
205,Interim,Interim,2019-04-06 00:39:46,2019-04-06 00:39:46,Description of Interim,205
204,DMC2018,DMC2018,2019-04-06 00:39:46,2019-04-06 00:39:46,Description of DMC2018,204
203,asco_manuscript,asco_manuscript,2019-04-06 00:39:46,2019-04-06 00:39:46,Description of asco_manuscript,203
202,FDA_Update,FDA_Update,2019-04-06 00:39:46,2019-04-06 00:39:46,Description of FDA_Update,202
201,SafetyUpdate,SafetyUpdate,2019-04-06 00:39:46,2019-04-06 00:39:46,Description of SafetyUpdate,201
200,Final,Final,2019-04-06 00:39:46,2019-04-06 00:39:46,Description of Final,200
199,Interim,Interim,2019-04-06 00:39:46,2019-04-06 00:39:46,Description of Interim,199
198,DMC2018,DMC2018,2019-04-06 00:39:46,2019-04-06 00:39:46,Description of DMC2018,198
197,asco_manuscript,asco_manuscript,2019-04-06 00:39:46,2019-04-06 00:39:46,Description of asco_manuscript,197
196,FDA_Update,FDA_Update,2019-04-06 00:39:46,2019-04-06 00:39:46,Description of FDA_Update,196
195,SafetyUpdate,SafetyUpdate,2019-04-06 00:39:46,2019-04-06 00:39:46,Description of SafetyUpdate,195
194,Final,Final,2019-04-06 00:39:46,2019-04-06 00:39:46,Description of Final,194
193,Interim,Interim,2019-04-06 00:39:46,2019-04-06 00:39:46,Description of Interim,193
192,DMC2018,DMC2018,2019-04-06 00:39:46,2019-04-06 00:39:46,Description of DMC2018,192
191,asco_manuscript,asco_manuscript,2019-04-06 00:39:46,2019-04-06 00:39:46,Description of asco_manuscript,191
190,FDA_Update,FDA_Update,2019-04-06 00:39:45,2019-04-06 00:39:45,Description of FDA_Update,190
189,SafetyUpdate,SafetyUpdate,2019-04-06 00:39:45,2019-04-06 00:39:45,Description of SafetyUpdate,189
188,Final,Final,2019-04-06 00:39:45,2019-04-06 00:39:45,Description of Final,188
187,Interim,Interim,2019-04-06 00:39:45,2019-04-06 00:39:45,Description of Interim,187
186,DMC2018,DMC2018,2019-04-06 00:39:45,2019-04-06 00:39:45,Description of DMC2018,186
185,asco_manuscript,asco_manuscript,2019-04-06 00:39:45,2019-04-06 00:39:45,Description of asco_manuscript,185
184,FDA_Update,FDA_Update,2019-04-06 00:39:45,2019-04-06 00:39:45,Description of FDA_Update,184
183,SafetyUpdate,SafetyUpdate,2019-04-06 00:39:45,2019-04-06 00:39:45,Description of SafetyUpdate,183
182,Final,Final,2019-04-06 00:39:45,2019-04-06 00:39:45,Description of Final,182
181,Interim,Interim,2019-04-06 00:39:45,2019-04-06 00:39:45,Description of Interim,181
180,DMC2018,DMC2018,2019-04-06 00:39:45,2019-04-06 00:39:45,Description of DMC2018,180
179,asco_manuscript,asco_manuscript,2019-04-06 00:39:45,2019-04-06 00:39:45,Description of asco_manuscript,179
178,FDA_Update,FDA_Update,2019-04-06 00:39:45,2019-04-06 00:39:45,Description of FDA_Update,178
177,SafetyUpdate,SafetyUpdate,2019-04-06 00:39:45,2019-04-06 00:39:45,Description of SafetyUpdate,177
176,Final,Final,2019-04-06 00:39:45,2019-04-06 00:39:45,Description of Final,176
175,Interim,Interim,2019-04-06 00:39:45,2019-04-06 00:39:45,Description of Interim,175
174,DMC2018,DMC2018,2019-04-06 00:39:45,2019-04-06 00:39:45,Description of DMC2018,174
173,asco_manuscript,asco_manuscript,2019-04-06 00:39:45,2019-04-06 00:39:45,Description of asco_manuscript,173
172,FDA_Update,FDA_Update,2019-04-06 00:39:45,2019-04-06 00:39:45,Description of FDA_Update,172
171,SafetyUpdate,SafetyUpdate,2019-04-06 00:39:45,2019-04-06 00:39:45,Description of SafetyUpdate,171
170,Final,Final,2019-04-06 00:39:45,2019-04-06 00:39:45,Description of Final,170
169,Interim,Interim,2019-04-06 00:39:45,2019-04-06 00:39:45,Description of Interim,169
168,DMC2018,DMC2018,2019-04-06 00:39:45,2019-04-06 00:39:45,Description of DMC2018,168
167,asco_manuscript,asco_manuscript,2019-04-06 00:39:45,2019-04-06 00:39:45,Description of asco_manuscript,167
166,FDA_Update,FDA_Update,2019-04-06 00:39:45,2019-04-06 00:39:45,Description of FDA_Update,166
165,SafetyUpdate,SafetyUpdate,2019-04-06 00:39:45,2019-04-06 00:39:45,Description of SafetyUpdate,165
164,Final,Final,2019-04-06 00:39:45,2019-04-06 00:39:45,Description of Final,164
163,Interim,Interim,2019-04-06 00:39:45,2019-04-06 00:39:45,Description of Interim,163
162,DMC2018,DMC2018,2019-04-06 00:39:45,2019-04-06 00:39:45,Description of DMC2018,162
161,asco_manuscript,asco_manuscript,2019-04-06 00:39:45,2019-04-06 00:39:45,Description of asco_manuscript,161
160,FDA_Update,FDA_Update,2019-04-06 00:39:45,2019-04-06 00:39:45,Description of FDA_Update,160
159,SafetyUpdate,SafetyUpdate,2019-04-06 00:39:45,2019-04-06 00:39:45,Description of SafetyUpdate,159
158,Final,Final,2019-04-06 00:39:45,2019-04-06 00:39:45,Description of Final,158
157,Interim,Interim,2019-04-06 00:39:45,2019-04-06 00:39:45,Description of Interim,157
156,DMC2018,DMC2018,2019-04-06 00:39:45,2019-04-06 00:39:45,Description of DMC2018,156
155,asco_manuscript,asco_manuscript,2019-04-06 00:39:45,2019-04-06 00:39:45,Description of asco_manuscript,155
154,FDA_Update,FDA_Update,2019-04-06 00:39:45,2019-04-06 00:39:45,Description of FDA_Update,154
153,SafetyUpdate,SafetyUpdate,2019-04-06 00:39:45,2019-04-06 00:39:45,Description of SafetyUpdate,153
152,Final,Final,2019-04-06 00:39:45,2019-04-06 00:39:45,Description of Final,152
151,Interim,Interim,2019-04-06 00:39:45,2019-04-06 00:39:45,Description of Interim,151
150,DMC2018,DMC2018,2019-04-06 00:39:45,2019-04-06 00:39:45,Description of DMC2018,150
149,asco_manuscript,asco_manuscript,2019-04-06 00:39:45,2019-04-06 00:39:45,Description of asco_manuscript,149
148,FDA_Update,FDA_Update,2019-04-06 00:39:45,2019-04-06 00:39:45,Description of FDA_Update,148
147,SafetyUpdate,SafetyUpdate,2019-04-06 00:39:45,2019-04-06 00:39:45,Description of SafetyUpdate,147
146,Final,Final,2019-04-06 00:39:45,2019-04-06 00:39:45,Description of Final,146
145,Interim,Interim,2019-04-06 00:39:45,2019-04-06 00:39:45,Description of Interim,145
144,DMC2018,DMC2018,2019-04-06 00:39:45,2019-04-06 00:39:45,Description of DMC2018,144
143,asco_manuscript,asco_manuscript,2019-04-06 00:39:45,2019-04-06 00:39:45,Description of asco_manuscript,143
142,FDA_Update,FDA_Update,2019-04-06 00:39:45,2019-04-06 00:39:45,Description of FDA_Update,142
141,SafetyUpdate,SafetyUpdate,2019-04-06 00:39:45,2019-04-06 00:39:45,Description of SafetyUpdate,141
140,Final,Final,2019-04-06 00:39:45,2019-04-06 00:39:45,Description of Final,140
139,Interim,Interim,2019-04-06 00:39:45,2019-04-06 00:39:45,Description of Interim,139
138,DMC2018,DMC2018,2019-04-06 00:39:45,2019-04-06 00:39:45,Description of DMC2018,138
137,asco_manuscript,asco_manuscript,2019-04-06 00:39:45,2019-04-06 00:39:45,Description of asco_manuscript,137
136,FDA_Update,FDA_Update,2019-04-06 00:39:45,2019-04-06 00:39:45,Description of FDA_Update,136
135,SafetyUpdate,SafetyUpdate,2019-04-06 00:39:45,2019-04-06 00:39:45,Description of SafetyUpdate,135
134,Final,Final,2019-04-06 00:39:45,2019-04-06 00:39:45,Description of Final,134
133,Interim,Interim,2019-04-06 00:39:45,2019-04-06 00:39:45,Description of Interim,133
132,DMC2018,DMC2018,2019-04-06 00:39:45,2019-04-06 00:39:45,Description of DMC2018,132
131,asco_manuscript,asco_manuscript,2019-04-06 00:39:45,2019-04-06 00:39:45,Description of asco_manuscript,131
130,FDA_Update,FDA_Update,2019-04-06 00:39:45,2019-04-06 00:39:45,Description of FDA_Update,130
129,SafetyUpdate,SafetyUpdate,2019-04-06 00:39:45,2019-04-06 00:39:45,Description of SafetyUpdate,129
128,Final,Final,2019-04-06 00:39:45,2019-04-06 00:39:45,Description of Final,128
127,Interim,Interim,2019-04-06 00:39:45,2019-04-06 00:39:45,Description of Interim,127
126,DMC2018,DMC2018,2019-04-06 00:39:45,2019-04-06 00:39:45,Description of DMC2018,126
125,asco_manuscript,asco_manuscript,2019-04-06 00:39:45,2019-04-06 00:39:45,Description of asco_manuscript,125
124,FDA_Update,FDA_Update,2019-04-06 00:39:45,2019-04-06 00:39:45,Description of FDA_Update,124
123,SafetyUpdate,SafetyUpdate,2019-04-06 00:39:45,2019-04-06 00:39:45,Description of SafetyUpdate,123
122,Final,Final,2019-04-06 00:39:45,2019-04-06 00:39:45,Description of Final,122
121,Interim,Interim,2019-04-06 00:39:45,2019-04-06 00:39:45,Description of Interim,121
120,DMC2018,DMC2018,2019-04-06 00:39:45,2019-04-06 00:39:45,Description of DMC2018,120
119,asco_manuscript,asco_manuscript,2019-04-06 00:39:45,2019-04-06 00:39:45,Description of asco_manuscript,119
118,FDA_Update,FDA_Update,2019-04-06 00:39:45,2019-04-06 00:39:45,Description of FDA_Update,118
117,SafetyUpdate,SafetyUpdate,2019-04-06 00:39:45,2019-04-06 00:39:45,Description of SafetyUpdate,117
116,Final,Final,2019-04-06 00:39:45,2019-04-06 00:39:45,Description of Final,116
115,Interim,Interim,2019-04-06 00:39:45,2019-04-06 00:39:45,Description of Interim,115
114,DMC2018,DMC2018,2019-04-06 00:39:45,2019-04-06 00:39:45,Description of DMC2018,114
113,asco_manuscript,asco_manuscript,2019-04-06 00:39:45,2019-04-06 00:39:45,Description of asco_manuscript,113
112,FDA_Update,FDA_Update,2019-04-06 00:39:45,2019-04-06 00:39:45,Description of FDA_Update,112
111,SafetyUpdate,SafetyUpdate,2019-04-06 00:39:45,2019-04-06 00:39:45,Description of SafetyUpdate,111
110,Final,Final,2019-04-06 00:39:45,2019-04-06 00:39:45,Description of Final,110
109,Interim,Interim,2019-04-06 00:39:45,2019-04-06 00:39:45,Description of Interim,109
108,DMC2018,DMC2018,2019-04-06 00:39:45,2019-04-06 00:39:45,Description of DMC2018,108
107,asco_manuscript,asco_manuscript,2019-04-06 00:39:45,2019-04-06 00:39:45,Description of asco_manuscript,107
106,FDA_Update,FDA_Update,2019-04-06 00:39:45,2019-04-06 00:39:45,Description of FDA_Update,106
105,SafetyUpdate,SafetyUpdate,2019-04-06 00:39:45,2019-04-06 00:39:45,Description of SafetyUpdate,105
104,Final,Final,2019-04-06 00:39:45,2019-04-06 00:39:45,Description of Final,104
103,Interim,Interim,2019-04-06 00:39:45,2019-04-06 00:39:45,Description of Interim,103
102,DMC2018,DMC2018,2019-04-06 00:39:45,2019-04-06 00:39:45,Description of DMC2018,102
101,asco_manuscript,asco_manuscript,2019-04-06 00:39:45,2019-04-06 00:39:45,Description of asco_manuscript,101
100,FDA_Update,FDA_Update,2019-04-06 00:39:45,2019-04-06 00:39:45,Description of FDA_Update,100
93,SafetyUpdate,SafetyUpdate,2019-04-06 00:39:45,2019-04-06 00:39:45,Description of SafetyUpdate,93
99,SafetyUpdate,SafetyUpdate,2019-03-01 01:01:00,2019-03-01 01:01:00,Description of SafetyUpdate,99
98,Final,Final,2019-03-01 01:01:00,2019-03-01 01:01:00,Description of Final,98
97,Interim,Interim,2019-03-01 01:01:00,2019-03-01 01:01:00,Description of Interim,97
96,DMC2018,DMC2018,2019-03-01 01:01:00,2019-03-01 01:01:00,Description of DMC2018,96
95,asco_manuscript,asco_manuscript,2019-03-01 01:01:00,2019-03-01 01:01:00,Description of asco_manuscript,95
94,FDA_Update,FDA_Update,2019-03-01 01:01:00,2019-03-01 01:01:00,Description of FDA_Update,94
92,Final,Final,2019-03-01 01:01:00,2019-03-01 01:01:00,Description of Final,92
91,Interim,Interim,2019-03-01 01:01:00,2019-03-01 01:01:00,Description of Interim,91
90,DMC2018,DMC2018,2019-03-01 01:01:00,2019-03-01 01:01:00,Description of DMC2018,90
89,asco_manuscript,asco_manuscript,2019-03-01 01:01:00,2019-03-01 01:01:00,Description of asco_manuscript,89
88,FDA_Update,FDA_Update,2019-03-01 01:01:00,2019-03-01 01:01:00,Description of FDA_Update,88
87,SafetyUpdate,SafetyUpdate,2019-03-01 01:01:00,2019-03-01 01:01:00,Description of SafetyUpdate,87
86,Final,Final,2019-03-01 01:01:00,2019-03-01 01:01:00,Description of Final,86
85,Interim,Interim,2019-03-01 01:01:00,2019-03-01 01:01:00,Description of Interim,85
84,DMC2018,DMC2018,2019-03-01 01:01:00,2019-03-01 01:01:00,Description of DMC2018,84
83,asco_manuscript,asco_manuscript,2019-03-01 01:01:00,2019-03-01 01:01:00,Description of asco_manuscript,83
82,FDA_Update,FDA_Update,2019-03-01 01:01:00,2019-03-01 01:01:00,Description of FDA_Update,82
81,SafetyUpdate,SafetyUpdate,2019-03-01 01:01:00,2019-03-01 01:01:00,Description of SafetyUpdate,81
80,Final,Final,2019-03-01 01:01:00,2019-03-01 01:01:00,Description of Final,80
79,Interim,Interim,2019-03-01 01:01:00,2019-03-01 01:01:00,Description of Interim,79
78,DMC2018,DMC2018,2019-03-01 01:01:00,2019-03-01 01:01:00,Description of DMC2018,78
77,asco_manuscript,asco_manuscript,2019-03-01 01:01:00,2019-03-01 01:01:00,Description of asco_manuscript,77
76,FDA_Update,FDA_Update,2019-03-01 01:01:00,2019-03-01 01:01:00,Description of FDA_Update,76
75,SafetyUpdate,SafetyUpdate,2019-03-01 01:01:00,2019-03-01 01:01:00,Description of SafetyUpdate,75
74,Final,Final,2019-03-01 01:01:00,2019-03-01 01:01:00,Description of Final,74
73,Interim,Interim,2019-03-01 01:01:00,2019-03-01 01:01:00,Description of Interim,73
72,DMC2018,DMC2018,2019-03-01 01:01:00,2019-03-01 01:01:00,Description of DMC2018,72
71,asco_manuscript,asco_manuscript,2019-03-01 01:01:00,2019-03-01 01:01:00,Description of asco_manuscript,71
70,FDA_Update,FDA_Update,2019-03-01 01:01:00,2019-03-01 01:01:00,Description of FDA_Update,70
69,SafetyUpdate,SafetyUpdate,2019-03-01 01:01:00,2019-03-01 01:01:00,Description of SafetyUpdate,69
68,Final,Final,2019-03-01 01:01:00,2019-03-01 01:01:00,Description of Final,68
67,Interim,Interim,2019-03-01 01:01:00,2019-03-01 01:01:00,Description of Interim,67
66,DMC2018,DMC2018,2019-03-01 01:01:00,2019-03-01 01:01:00,Description of DMC2018,66
65,asco_manuscript,asco_manuscript,2019-03-01 01:01:00,2019-03-01 01:01:00,Description of asco_manuscript,65
64,FDA_Update,FDA_Update,2019-03-01 01:01:00,2019-03-01 01:01:00,Description of FDA_Update,64
63,SafetyUpdate,SafetyUpdate,2019-03-01 01:01:00,2019-03-01 01:01:00,Description of SafetyUpdate,63
62,Final,Final,2019-03-01 01:01:00,2019-03-01 01:01:00,Description of Final,62
61,Interim,Interim,2019-03-01 01:01:00,2019-03-01 01:01:00,Description of Interim,61
60,DMC2018,DMC2018,2019-03-01 01:01:00,2019-03-01 01:01:00,Description of DMC2018,60
59,asco_manuscript,asco_manuscript,2019-03-01 01:01:00,2019-03-01 01:01:00,Description of asco_manuscript,59
58,FDA_Update,FDA_Update,2019-03-01 01:01:00,2019-03-01 01:01:00,Description of FDA_Update,58
57,SafetyUpdate,SafetyUpdate,2019-03-01 01:01:00,2019-03-01 01:01:00,Description of SafetyUpdate,57
56,Final,Final,2019-03-01 01:01:00,2019-03-01 01:01:00,Description of Final,56
55,Interim,Interim,2019-03-01 01:01:00,2019-03-01 01:01:00,Description of Interim,55
54,DMC2018,DMC2018,2019-03-01 01:01:00,2019-03-01 01:01:00,Description of DMC2018,54
53,asco_manuscript,asco_manuscript,2019-03-01 01:01:00,2019-03-01 01:01:00,Description of asco_manuscript,53
52,FDA_Update,FDA_Update,2019-03-01 01:01:00,2019-03-01 01:01:00,Description of FDA_Update,52
51,SafetyUpdate,SafetyUpdate,2019-03-01 01:01:00,2019-03-01 01:01:00,Description of SafetyUpdate,51
50,Final,Final,2019-03-01 01:01:00,2019-03-01 01:01:00,Description of Final,50
49,Interim,Interim,2019-03-01 01:01:00,2019-03-01 01:01:00,Description of Interim,49
48,DMC2018,DMC2018,2019-03-01 01:01:00,2019-03-01 01:01:00,Description of DMC2018,48
47,asco_manuscript,asco_manuscript,2019-03-01 01:01:00,2019-03-01 01:01:00,Description of asco_manuscript,47
46,FDA_Update,FDA_Update,2019-03-01 01:01:00,2019-03-01 01:01:00,Description of FDA_Update,46
45,SafetyUpdate,SafetyUpdate,2019-03-01 01:01:00,2019-03-01 01:01:00,Description of SafetyUpdate,45
44,Final,Final,2019-03-01 01:01:00,2019-03-01 01:01:00,Description of Final,44
43,Interim,Interim,2019-03-01 01:01:00,2019-03-01 01:01:00,Description of Interim,43
42,DMC2018,DMC2018,2019-03-01 01:01:00,2019-03-01 01:01:00,Description of DMC2018,42
41,asco_manuscript,asco_manuscript,2019-03-01 01:01:00,2019-03-01 01:01:00,Description of asco_manuscript,41
40,FDA_Update,FDA_Update,2019-03-01 01:01:00,2019-03-01 01:01:00,Description of FDA_Update,40
39,SafetyUpdate,SafetyUpdate,2019-03-01 01:01:00,2019-03-01 01:01:00,Description of SafetyUpdate,39
38,Final,Final,2019-03-01 01:01:00,2019-03-01 01:01:00,Description of Final,38
37,Interim,Interim,2019-03-01 01:01:00,2019-03-01 01:01:00,Description of Interim,37
36,DMC2018,DMC2018,2019-03-01 01:01:00,2019-03-01 01:01:00,Description of DMC2018,36
35,asco_manuscript,asco_manuscript,2019-03-01 01:01:00,2019-03-01 01:01:00,Description of asco_manuscript,35
34,FDA_Update,FDA_Update,2019-03-01 01:01:00,2019-03-01 01:01:00,Description of FDA_Update,34
33,SafetyUpdate,SafetyUpdate,2019-03-01 01:01:00,2019-03-01 01:01:00,Description of SafetyUpdate,33
32,Final,Final,2019-03-01 01:01:00,2019-03-01 01:01:00,Description of Final,32
31,Interim,Interim,2019-03-01 01:01:00,2019-03-01 01:01:00,Description of Interim,31
30,DMC2018,DMC2018,2019-03-01 01:01:00,2019-03-01 01:01:00,Description of DMC2018,30
29,asco_manuscript,asco_manuscript,2019-03-01 01:01:00,2019-03-01 01:01:00,Description of asco_manuscript,29
28,FDA_Update,FDA_Update,2019-03-01 01:01:00,2019-03-01 01:01:00,Description of FDA_Update,28
27,SafetyUpdate,SafetyUpdate,2019-03-01 01:01:00,2019-03-01 01:01:00,Description of SafetyUpdate,27
26,Final,Final,2019-03-01 01:01:00,2019-03-01 01:01:00,Description of Final,26
25,Interim,Interim,2019-03-01 01:01:00,2019-03-01 01:01:00,Description of Interim,25
24,DMC2018,DMC2018,2019-03-01 01:01:00,2019-03-01 01:01:00,Description of DMC2018,24
23,asco_manuscript,asco_manuscript,2019-03-01 01:01:00,2019-03-01 01:01:00,Description of asco_manuscript,23
22,FDA_Update,FDA_Update,2019-03-01 01:01:00,2019-03-01 01:01:00,Description of FDA_Update,22
21,SafetyUpdate,SafetyUpdate,2019-03-01 01:01:00,2019-03-01 01:01:00,Description of SafetyUpdate,21
20,Final,Final,2019-03-01 01:01:00,2019-03-01 01:01:00,Description of Final,20
19,Interim,Interim,2019-03-01 01:01:00,2019-03-01 01:01:00,Description of Interim,19
18,DMC2018,DMC2018,2019-03-01 01:01:00,2019-03-01 01:01:00,Description of DMC2018,18
17,asco_manuscript,asco_manuscript,2019-03-01 01:01:00,2019-03-01 01:01:00,Description of asco_manuscript,17
16,FDA_Update,FDA_Update,2019-03-01 01:01:00,2019-03-01 01:01:00,Description of FDA_Update,16
15,SafetyUpdate,SafetyUpdate,2019-03-01 01:01:00,2019-03-01 01:01:00,Description of SafetyUpdate,15
14,Final,Final,2019-03-01 01:01:00,2019-03-01 01:01:00,Description of Final,14
13,Interim,Interim,2019-03-01 01:01:00,2019-03-01 01:01:00,Description of Interim,13
12,DMC2018,DMC2018,2019-03-01 01:01:00,2019-03-01 01:01:00,Description of DMC2018,12
11,asco_manuscript,asco_manuscript,2019-03-01 01:01:00,2019-03-01 01:01:00,Description of asco_manuscript,11
10,FDA_Update,FDA_Update,2019-03-01 01:01:00,2019-03-01 01:01:00,Description of FDA_Update,10
9,SafetyUpdate,SafetyUpdate,2019-03-01 01:01:00,2019-03-01 01:01:00,Description of SafetyUpdate,9
8,Final,Final,2019-03-01 01:01:00,2019-03-01 01:01:00,Description of Final,8
7,Interim,Interim,2019-03-01 01:01:00,2019-03-01 01:01:00,Description of Interim,7
6,DMC2018,DMC2018,2019-03-01 01:01:00,2019-03-01 01:01:00,Description of DMC2018,6
5,asco_manuscript,asco_manuscript,2019-03-01 01:01:00,2019-03-01 01:01:00,Description of asco_manuscript,5
4,FDA_Update,FDA_Update,2019-03-01 01:01:00,2019-03-01 01:01:00,Description of FDA_Update,4
3,SafetyUpdate,SafetyUpdate,2019-03-01 01:01:00,2019-03-01 01:01:00,Description of SafetyUpdate,3
2,Final,Final,2019-03-01 01:01:00,2019-03-01 01:01:00,Description of Final,2
1,Interim,Interim,2019-03-01 01:01:00,2019-03-01 01:01:00,Description of Interim,1
